<Page loaded="pageLoaded" xmlns="http://www.nativescript.org/tns.xsd">

    <!-- ⬇️ ⬇️ ⬇️ YOUR CODE BEGINS HERE ⬇️ ⬇️ ⬇️ -->

    <!-- Step 1: Rename the title in the <ActionBar> -->
    <ActionBar title="Movies"></ActionBar>

    <!-- Steps 2-5: in home-page.js -->
    <!-- Step 6: use the <StackLayout> component to contain your content -->
    <!-- Step 7: add the <ListView> component to display the movie data.
                 rename the items variable to match your ObservableArray variable from step 5. -->
    <!-- Step 8: within the <ListView.itemTemplate>, add another <StackLayout> to contain each
                 movie's title and poster image -->
    <!-- Step 9: use a <Label> component for the title; use an <Image> component for the poster image -->
    <StackLayout>
        <ListView items="{{ movies }}" class="h-full">
            <ListView.itemTemplate>
                <StackLayout>
                    <Label text="{{ title }}" class="text-3xl" />
                    <Image src="{{ posterUrl }}" width="400" height="600" />
                </StackLayout>
            </ListView.itemTemplate>
        </ListView>
    </StackLayout>
    <!-- ⬆️ ⬆️ ⬆️ YOUR CODE ENDS HERE ⬆️ ⬆️ ⬆️ -->
</Page>